time,B
1.0,0.22347452266431914
2.0,0.3993896102774007
3.0,0.48476618379327596
4.0,0.6151310208501563
5.0,0.6230809111588149
6.0,0.6191106883675849
7.0,0.653616028480323
8.0,0.6601935692115326
