time,B
5.0,0.673231657916181
10.0,0.6766774624893135
15.0,0.7143793585728687
20.0,0.7785614109213947
25.0,0.7600262033800436
30.0,0.6178005337829766
35.0,0.7141708181146751
40.0,0.6590987750003527
